status,adjuster
0,0.992129884700664
1,1.3596655241601745
