Rainy,adjuster_rain
0,0.9806690648754139
1,1.035423857665489
